id,first_name,last_name,DOB
1,Michael,P.,21-06-1987
2,Shawn,M.,21-06-1987
3,Kathleen,P.,21-06-1987
4,Jimmy,C.,21-06-1987
5,Katherine,R.,21-06-1987
6,Sarah,R.,21-06-1987
7,Martin,M.,21-06-1987
8,Frank,R.,21-06-1987
9,Jennifer,F.,21-06-1987
10,Henry,W.,21-06-1987
11,Fred,S.,21-06-1987
12,Amy,D.,21-06-1987
13,Kathleen,M.,21-06-1987
14,Steve,F.,21-06-1987
15,Teresa,H.,21-06-1987
16,Amanda,H.,21-06-1987
17,Kimberly,R.,21-06-1987
18,Johnny,K.,21-06-1987
19,Virginia,F.,21-06-1987
20,Anna,A.,21-06-1987
21,Willie,H.,21-06-1987
22,Sean,H.,21-06-1987
23,Mildred,A.,21-06-1987
24,David,G.,21-06-1987
25,Victor,H.,21-06-1987
26,Aaron,R.,21-06-1987
27,Benjamin,B.,21-06-1987
28,Lisa,W.,21-06-1987
29,Benjamin,K.,21-06-1987
30,Christina,W.,21-06-1987
31,Jane,G.,21-06-1987
32,Thomas,O.,21-06-1987
33,Katherine,M.,21-06-1987
34,Jennifer,S.,21-06-1987
35,Sara,T.,21-06-1987
36,Harold,O.,21-06-1987
37,Shirley,J.,21-06-1987
38,Dennis,J.,21-06-1987
39,Louise,W.,21-06-1987
40,Maria,A.,21-06-1987
41,Gloria,C.,21-06-1987
42,Diana,S.,21-06-1987
43,Kelly,N.,21-06-1987
44,Jane,R.,21-06-1987
45,Scott,B.,21-06-1987
46,Norma,C.,21-06-1987
47,Marie,P.,21-06-1987
48,Lillian,C.,21-06-1987
49,Judy,N.,21-06-1987
50,Billy,L.,21-06-1987
51,Howard,R.,21-06-1987
52,Laura,F.,21-06-1987
53,Anne,B.,21-06-1987
54,Rose,M.,21-06-1987
55,Nicholas,R.,21-06-1987
56,Joshua,K.,21-06-1987
57,Paul,W.,21-06-1987
58,Kathryn,K.,21-06-1987
59,Adam,A.,21-06-1987
60,Norma,W.,21-06-1987
61,Timothy,R.,21-06-1987
62,Elizabeth,P.,21-06-1987
63,Edward,G.,21-06-1987
64,David,C.,21-06-1987
65,Brenda,W.,21-06-1987
66,Adam,W.,21-06-1987
67,Michael,H.,21-06-1987
68,Jesse,E.,21-06-1987
69,Janet,P.,21-06-1987
70,Helen,F.,21-06-1987
71,Gerald,C.,21-06-1987
72,Kathryn,O.,21-06-1987
73,Alan,B.,21-06-1987
74,Harry,A.,21-06-1987
75,Andrea,H.,21-06-1987
76,Barbara,W.,21-06-1987
77,Anne,W.,21-06-1987
78,Harry,H.,21-06-1987
79,Jack,R.,21-06-1987
80,Phillip,H.,21-06-1987
81,Shirley,H.,21-06-1987
82,Arthur,D.,21-06-1987
83,Virginia,R.,21-06-1987
84,Christina,R.,21-06-1987
85,Theresa,M.,21-06-1987
86,Jason,C.,21-06-1987
87,Phillip,B.,21-06-1987
88,Adam,T.,21-06-1987
89,Margaret,J.,21-06-1987
90,Paul,P.,21-06-1987
91,Todd,W.,21-06-1987
92,Willie,O.,21-06-1987
93,Frances,R.,21-06-1987
94,Gregory,H.,21-06-1987
95,Lisa,P.,21-06-1987
96,Jacqueline,A.,21-06-1987
97,Shirley,D.,21-06-1987
98,Nicole,M.,21-06-1987
99,Mary,G.,21-06-1987
100,Jean,M.,21-06-1987
